WBS ID,Milestone,Release,Type,Platform,Module,Task,Duration Days,Hours,Planned Start,Planned End,ES,EF,LS,LF,Total Float,Critical,Near Critical,Owner,Use Case,Predecessors
WBS-001,M0,R0 內部平台骨架,Release/Foundation,Cross,共用/Release,共用基礎與架構底座 - 共用建設與Release準備,22,1440,2026-09-01,2026-09-30,0,22,3,25,3,N,N,PM/PO / DevOps/SRE / QA,建立共用平台框架與登入權限; 建立可持續 release 的 DevOps/SRE 與測試流水線,
WBS-002,M0,R0 內部平台骨架,User Release Gate,Cross,Release,R0 內部平台骨架 - 使用者驗收、訓練與發布,5,336,2026-09-29,2026-10-05,20,25,20,25,0,Y,N,PM/PO / QA / DevOps/SRE / Scrum Master,建立共用平台框架與登入權限; 建立可持續 release 的 DevOps/SRE 與測試流水線,WBS-001(FF)
WBS-003,M1,R1 主檔與資料治理 Beta,Release/Foundation,Cross,共用/Release,模型與資料接入底座 - 共用建設與Release準備,9,560,2026-10-06,2026-10-16,25,34,96,105,71,N,N,PM/PO / DevOps/SRE / QA,新增客戶/工廠主檔與維度模型; 接入預測、訂單、BOM、供應網路等核心資料來源,WBS-002(FS)
WBS-004,M1,R1 主檔與資料治理 Beta,Capability Build,DM,統一需求模型,維度模型管理 - 建置與驗證,5,128,2026-10-06,2026-10-12,25,30,87,92,62,N,N,資料治理人員,維度模型管理 可用於「當需要處理「維度模型管理」時，使用者可透過此功能建立與維護模型/主檔，以完成與「維度模型管理」相關的日常作業。」等情境。,WBS-002(FS+0)
WBS-005,M1,R1 主檔與資料治理 Beta,Capability Build,DM,統一需求模型,需求類型管理 - 建置與驗證,5,128,2026-10-08,2026-10-14,27,32,89,94,62,N,N,資料治理人員,需求類型管理 可用於「當需要處理「需求類型管理」時，使用者可透過此功能建立與維護模型/主檔，以完成與「需求類型管理」相關的日常作業。」等情境。,WBS-004(SS+2)
WBS-006,M1,R1 主檔與資料治理 Beta,Capability Build,DM,統一需求模型,需求事件模型管理 - 建置與驗證,5,128,2026-10-13,2026-10-19,30,35,92,97,62,N,N,資料治理人員,需求事件模型管理 可用於「當需要處理「需求事件模型管理」時，使用者可透過此功能建立與維護模型/主檔，以完成與「需求事件模型管理」相關的日常作業。」等情境。,WBS-005(SS+3)
WBS-007,M1,R1 主檔與資料治理 Beta,Capability Build,DM,統一需求模型,指標與Key Figure管理 - 建置與驗證,5,124,2026-10-15,2026-10-21,32,37,94,99,62,N,N,資料治理人員,指標與Key Figure管理 可用於「當需要處理「指標與Key Figure管理」時，使用者可透過此功能建立與設定，以完成與「指標與Key Figure管理」相關的日常作業。」等情境。,WBS-006(SS+2)
WBS-008,M1,R1 主檔與資料治理 Beta,Capability Build,DM,統一需求模型,版本與情境模型管理 - 建置與驗證,5,132,2026-10-20,2026-10-26,35,40,97,102,62,N,N,資料治理人員,版本與情境模型管理 可用於「當需要處理「版本與情境模型管理」時，使用者可透過此功能建立與維護模型/主檔，以完成與「版本與情境模型管理」相關的日常作業。」等情境。,WBS-007(SS+3)
WBS-009,M1,R1 主檔與資料治理 Beta,Capability Build,DM,統一需求模型,模型發布與治理 - 建置與驗證,6,144,2026-10-22,2026-10-29,37,43,99,105,62,N,N,資料治理人員,模型發布與治理 可用於「當需要處理「模型發布與治理」時，使用者可透過此功能建立發布清單，以完成與「模型發布與治理」相關的日常作業。」等情境。,WBS-008(SS+2)
WBS-010,M1,R1 主檔與資料治理 Beta,Capability Build,DM,需求資料交換,資料來源管理 - 建置與驗證,5,140,2026-10-27,2026-11-02,40,45,84,89,44,N,N,資料整合工程師,資料來源管理 可用於「當需要處理「資料來源管理」時，使用者可透過此功能登錄來源系統，以完成與「資料來源管理」相關的日常作業。」等情境。,WBS-002(FS+15)
WBS-011,M1,R1 主檔與資料治理 Beta,Capability Build,DM,需求資料交換,資料接入流程設計 - 建置與驗證,6,152,2026-10-29,2026-11-05,42,48,86,92,44,N,N,資料整合工程師,資料接入流程設計 可用於「當需要處理「資料接入流程設計」時，使用者可透過此功能建立接入流程，以完成與「資料接入流程設計」相關的日常作業。」等情境。,WBS-010(SS+2)
WBS-012,M1,R1 主檔與資料治理 Beta,Capability Build,DM,需求資料交換,資料對映與轉換 - 建置與驗證,6,152,2026-11-03,2026-11-10,45,51,89,95,44,N,N,資料整合工程師,資料對映與轉換 可用於「當需要處理「資料對映與轉換」時，使用者可透過此功能建立欄位對映，以完成與「資料對映與轉換」相關的日常作業。」等情境。,WBS-011(SS+3)
WBS-013,M1,R1 主檔與資料治理 Beta,Capability Build,DM,需求資料交換,資料品質管理 - 建置與驗證,5,140,2026-11-05,2026-11-11,47,52,91,96,44,N,N,資料整合工程師,資料品質管理 可用於「當需要處理「資料品質管理」時，使用者可透過此功能定義品質規則，以完成與「資料品質管理」相關的日常作業。」等情境。,WBS-012(SS+2)
WBS-014,M1,R1 主檔與資料治理 Beta,Capability Build,DM,需求資料交換,資料匯入監控 - 建置與驗證,6,156,2026-11-10,2026-11-17,50,56,94,100,44,N,N,資料整合工程師,資料匯入監控 可用於「當需要處理「資料匯入監控」時，使用者可透過此功能監控執行狀態，以完成與「資料匯入監控」相關的日常作業。」等情境。,WBS-013(SS+3)
WBS-015,M1,R1 主檔與資料治理 Beta,Capability Build,DM,需求資料交換,對外發布管理 - 建置與驗證,6,164,2026-11-12,2026-11-19,52,58,96,102,44,N,N,資料整合工程師,對外發布管理 可用於「當需要處理「對外發布管理」時，使用者可透過此功能建立發布清單，以完成與「對外發布管理」相關的日常作業。」等情境。,WBS-014(SS+2)
WBS-016,M1,R1 主檔與資料治理 Beta,Capability Build,DM,需求資料交換,資料血緣與交換稽核 - 建置與驗證,6,160,2026-11-17,2026-11-24,55,61,99,105,44,N,N,資料整合工程師,資料血緣與交換稽核 可用於「當需要處理「資料血緣與交換稽核」時，使用者可透過此功能記錄操作歷程，以完成與「資料血緣與交換稽核」相關的日常作業。」等情境。,WBS-015(SS+3)
WBS-017,M1,R1 主檔與資料治理 Beta,Capability Build,SCP,統一供應模型,組織與地點維度模型管理 - 建置與驗證,12,312,2026-11-19,2026-12-04,57,69,76,88,19,N,N,供應模型管理者/IE,組織與地點維度模型管理 可用於「當需要處理「組織與地點維度模型管理」時，使用者可透過此功能建立與維護模型/主檔，以完成與「組織與地點維度模型管理」相關的日常作業。」等情境。,WBS-002(FS+32)
WBS-018,M1,R1 主檔與資料治理 Beta,Capability Build,SCP,統一供應模型,模型發布與治理 - 建置與驗證,12,312,2026-11-24,2026-12-09,60,72,79,91,19,N,N,供應模型管理者/IE,模型發布與治理 可用於「當需要處理「組織與地點維度模型管理」時，使用者可透過此功能建立與維護模型/主檔，以完成與「組織與地點維度模型管理」相關的日常作業。」等情境。,WBS-017(SS+3)
WBS-019,M1,R1 主檔與資料治理 Beta,Capability Build,SCP,統一供應模型,供應網路模型管理 - 建置與驗證,8,218,2026-11-26,2026-12-07,62,70,81,89,19,N,N,供應模型管理者/IE,供應網路模型管理 可用於「當需要處理「供應網路模型管理」時，使用者可透過此功能建立與維護模型/主檔，以完成與「供應網路模型管理」相關的日常作業。」等情境。,WBS-018(SS+2)
WBS-020,M1,R1 主檔與資料治理 Beta,Capability Build,SCP,統一供應模型,產品與BOM模型管理 - 建置與驗證,7,180,2026-12-01,2026-12-09,65,72,84,91,19,N,N,供應模型管理者/IE,產品與BOM模型管理 可用於「當需要處理「產品與BOM模型管理」時，使用者可透過此功能建立與維護模型/主檔，以完成與「產品與BOM模型管理」相關的日常作業。」等情境。,WBS-019(SS+3)
WBS-021,M1,R1 主檔與資料治理 Beta,Capability Build,SCP,統一供應模型,製造與產能模型管理 - 建置與驗證,7,180,2026-12-03,2026-12-11,67,74,86,93,19,N,N,供應模型管理者/IE,製造與產能模型管理 可用於「當需要處理「製造與產能模型管理」時，使用者可透過此功能建立與維護模型/主檔，以完成與「製造與產能模型管理」相關的日常作業。」等情境。,WBS-020(SS+2)
WBS-022,M1,R1 主檔與資料治理 Beta,Capability Build,SCP,統一供應模型,採購與供應商模型管理 - 建置與驗證,6,148,2026-12-08,2026-12-15,70,76,89,95,19,N,N,供應模型管理者/IE,採購與供應商模型管理 可用於「當需要處理「採購與供應商模型管理」時，使用者可透過此功能建立與維護模型/主檔，以完成與「採購與供應商模型管理」相關的日常作業。」等情境。,WBS-021(SS+3)
WBS-023,M1,R1 主檔與資料治理 Beta,Capability Build,SCP,統一供應模型,庫存與補貨政策模型管理 - 建置與驗證,7,180,2026-12-10,2026-12-18,72,79,91,98,19,N,N,供應模型管理者/IE,庫存與補貨政策模型管理 可用於「當需要處理「庫存與補貨政策模型管理」時，使用者可透過此功能建立與維護模型/主檔，以完成與「庫存與補貨政策模型管理」相關的日常作業。」等情境。,WBS-022(SS+2)
WBS-024,M1,R1 主檔與資料治理 Beta,Capability Build,SCP,統一供應模型,供應事件模型管理 - 建置與驗證,6,148,2026-12-15,2026-12-22,75,81,94,100,19,N,N,供應模型管理者/IE,供應事件模型管理 可用於「當需要處理「供應事件模型管理」時，使用者可透過此功能建立與維護模型/主檔，以完成與「供應事件模型管理」相關的日常作業。」等情境。,WBS-023(SS+3)
WBS-025,M1,R1 主檔與資料治理 Beta,Capability Build,SCP,統一供應模型,指標與Key Figure管理 - 建置與驗證,6,144,2026-12-17,2026-12-24,77,83,96,102,19,N,N,供應模型管理者/IE,指標與Key Figure管理 可用於「當需要處理「指標與Key Figure管理」時，使用者可透過此功能建立與設定，以完成與「指標與Key Figure管理」相關的日常作業。」等情境。,WBS-024(SS+2)
WBS-026,M1,R1 主檔與資料治理 Beta,Capability Build,SCP,統一供應模型,版本與情境模型管理 - 建置與驗證,6,152,2026-12-22,2026-12-29,80,86,99,105,19,N,N,供應模型管理者/IE,版本與情境模型管理 可用於「當需要處理「版本與情境模型管理」時，使用者可透過此功能建立與維護模型/主檔，以完成與「版本與情境模型管理」相關的日常作業。」等情境。,WBS-025(SS+3)
WBS-027,M1,R1 主檔與資料治理 Beta,Capability Build,SCP,供應資料交換,資料來源管理 - 建置與驗證,5,140,2026-12-24,2026-12-30,82,87,84,89,2,N,Y,資料整合工程師,資料來源管理 可用於「當需要處理「資料來源管理」時，使用者可透過此功能登錄來源系統，以完成與「資料來源管理」相關的日常作業。」等情境。,WBS-002(FS+57)
WBS-028,M1,R1 主檔與資料治理 Beta,Capability Build,SCP,供應資料交換,資料接入流程設計 - 建置與驗證,6,152,2026-12-29,2027-01-05,85,91,87,93,2,N,Y,資料整合工程師,資料接入流程設計 可用於「當需要處理「資料接入流程設計」時，使用者可透過此功能建立接入流程，以完成與「資料接入流程設計」相關的日常作業。」等情境。,WBS-027(SS+3)
WBS-029,M1,R1 主檔與資料治理 Beta,Capability Build,SCP,供應資料交換,資料對映與轉換 - 建置與驗證,6,152,2026-12-31,2027-01-07,87,93,89,95,2,N,Y,資料整合工程師,資料對映與轉換 可用於「當需要處理「資料對映與轉換」時，使用者可透過此功能建立欄位對映，以完成與「資料對映與轉換」相關的日常作業。」等情境。,WBS-028(SS+2)
WBS-030,M1,R1 主檔與資料治理 Beta,Capability Build,SCP,供應資料交換,資料品質管理 - 建置與驗證,5,140,2027-01-05,2027-01-11,90,95,92,97,2,N,Y,資料整合工程師,資料品質管理 可用於「當需要處理「資料品質管理」時，使用者可透過此功能定義品質規則，以完成與「資料品質管理」相關的日常作業。」等情境。,WBS-029(SS+3)
WBS-031,M1,R1 主檔與資料治理 Beta,Capability Build,SCP,供應資料交換,資料匯入監控 - 建置與驗證,6,156,2027-01-07,2027-01-14,92,98,94,100,2,N,Y,資料整合工程師,資料匯入監控 可用於「當需要處理「資料匯入監控」時，使用者可透過此功能監控執行狀態，以完成與「資料匯入監控」相關的日常作業。」等情境。,WBS-030(SS+2)
WBS-032,M1,R1 主檔與資料治理 Beta,Capability Build,SCP,供應資料交換,對外發布管理 - 建置與驗證,6,164,2027-01-12,2027-01-19,95,101,97,103,2,N,Y,資料整合工程師,對外發布管理 可用於「當需要處理「對外發布管理」時，使用者可透過此功能建立發布清單，以完成與「對外發布管理」相關的日常作業。」等情境。,WBS-031(SS+3)
WBS-033,M1,R1 主檔與資料治理 Beta,Capability Build,SCP,供應資料交換,資料血緣與交換稽核 - 建置與驗證,6,160,2027-01-14,2027-01-21,97,103,99,105,2,N,Y,資料整合工程師,資料血緣與交換稽核 可用於「當需要處理「資料血緣與交換稽核」時，使用者可透過此功能記錄操作歷程，以完成與「資料血緣與交換稽核」相關的日常作業。」等情境。,WBS-032(SS+2)
WBS-034,M1,R1 主檔與資料治理 Beta,User Release Gate,Cross,Release,R1 主檔與資料治理 Beta - 使用者驗收、訓練與發布,5,336,2027-01-19,2027-01-25,100,105,100,105,0,Y,N,PM/PO / QA / DevOps/SRE / Scrum Master,新增客戶/工廠主檔與維度模型; 接入預測、訂單、BOM、供應網路等核心資料來源,WBS-002(FS+75); WBS-003(FF); WBS-004(FF); WBS-005(FF); WBS-006(FF); WBS-007(FF); WBS-008(FF); WBS-009(FF); WBS-010(FF); WBS-011(FF); WBS-012(FF); WBS-013(FF); WBS-014(FF); WBS-015(FF); WBS-016(FF); WBS-017(FF); WBS-018(FF); WBS-019(FF); WBS-020(FF); WBS-021(FF); WBS-022(FF); WBS-023(FF); WBS-024(FF); WBS-025(FF); WBS-026(FF); WBS-027(FF); WBS-028(FF); WBS-029(FF); WBS-030(FF); WBS-031(FF); WBS-032(FF); WBS-033(FF)
WBS-035,M2,R2 DM 事件與分析 Pilot,Release/Foundation,Cross,共用/Release,DM 需求事件與分析 - 共用建設與Release準備,7,420,2027-01-26,2027-02-03,105,112,138,145,33,N,N,PM/PO / DevOps/SRE / QA,收到客戶需求變動後，自動產生需求事件; 分析需求波動、預測誤差與需求風險,WBS-034(FS)
WBS-036,M2,R2 DM 事件與分析 Pilot,Capability Build,DM,需求事件中心,需求事件收件匣 - 建置與驗證,5,138,2027-01-26,2027-02-01,105,110,124,129,19,N,N,需求規劃人員,需求事件收件匣 可用於「當需要處理「需求事件收件匣」時，使用者可透過此功能接收新事件/任務，以完成與「需求事件收件匣」相關的日常作業。」等情境。,WBS-034(FS+0)
WBS-037,M2,R2 DM 事件與分析 Pilot,Capability Build,DM,需求事件中心,需求事件明細 - 建置與驗證,5,130,2027-01-28,2027-02-03,107,112,126,131,19,N,N,需求規劃人員,需求事件明細 可用於「當需要處理「需求事件明細」時，使用者可透過此功能查看事件全貌，以完成與「需求事件明細」相關的日常作業。」等情境。,WBS-036(SS+2)
WBS-038,M2,R2 DM 事件與分析 Pilot,Capability Build,DM,需求事件中心,需求比對與沖銷預覽 - 建置與驗證,8,200,2027-02-02,2027-02-11,110,118,129,137,19,N,N,需求規劃人員,需求比對與沖銷預覽 可用於「當需要處理「需求比對與沖銷預覽」時，使用者可透過此功能建立模擬/評估條件，以完成與「需求比對與沖銷預覽」相關的日常作業。」等情境。,WBS-037(SS+3)
WBS-039,M2,R2 DM 事件與分析 Pilot,Capability Build,DM,需求事件中心,檢視 - 建置與驗證,6,150,2027-02-04,2027-02-11,112,118,131,137,19,N,N,需求規劃人員,檢視 可用於「當需要處理「檢視」時，使用者可透過此功能彙整討論內容，以完成與「檢視」相關的日常作業。」等情境。,WBS-038(SS+2)
WBS-040,M2,R2 DM 事件與分析 Pilot,Capability Build,DM,需求事件中心,事件例外處理 - 建置與驗證,5,134,2027-02-09,2027-02-15,115,120,134,139,19,N,N,需求規劃人員,事件例外處理 可用於「當需要處理「事件例外處理」時，使用者可透過此功能建立與設定，以完成與「事件例外處理」相關的日常作業。」等情境。,WBS-039(SS+3)
WBS-041,M2,R2 DM 事件與分析 Pilot,Capability Build,DM,需求事件中心,需求計畫版本生成 - 建置與驗證,6,146,2027-02-11,2027-02-18,117,123,136,142,19,N,N,需求規劃人員,需求計畫版本生成 可用於「當需要處理「需求計畫版本生成」時，使用者可透過此功能建立與設定，以完成與「需求計畫版本生成」相關的日常作業。」等情境。,WBS-040(SS+2)
WBS-042,M2,R2 DM 事件與分析 Pilot,Capability Build,DM,需求事件中心,事件處理歷程 - 建置與驗證,6,142,2027-02-16,2027-02-23,120,126,139,145,19,N,N,需求規劃人員,事件處理歷程 可用於「當需要處理「事件處理歷程」時，使用者可透過此功能記錄操作歷程，以完成與「事件處理歷程」相關的日常作業。」等情境。,WBS-041(SS+3)
WBS-043,M2,R2 DM 事件與分析 Pilot,Capability Build,DM,需求分析,需求變化總覽 - 建置與驗證,6,154,2027-02-18,2027-02-25,122,128,124,130,2,N,Y,需求規劃人員,需求變化總覽 可用於「當需要處理「需求變化總覽」時，使用者可透過此功能建立與設定，以完成與「需求變化總覽」相關的日常作業。」等情境。,WBS-034(FS+17)
WBS-044,M2,R2 DM 事件與分析 Pilot,Capability Build,DM,需求分析,需求輪廓與行為分析 - 建置與驗證,6,154,2027-02-23,2027-03-02,125,131,127,133,2,N,Y,需求規劃人員,需求輪廓與行為分析 可用於「當需要處理「需求輪廓與行為分析」時，使用者可透過此功能建立與設定，以完成與「需求輪廓與行為分析」相關的日常作業。」等情境。,WBS-043(SS+3)
WBS-045,M2,R2 DM 事件與分析 Pilot,Capability Build,DM,需求分析,預測績效分析 - 建置與驗證,8,212,2027-02-25,2027-03-08,127,135,129,137,2,N,Y,需求規劃人員,預測績效分析 可用於「當需要處理「預測績效分析」時，使用者可透過此功能建立與設定，以完成與「預測績效分析」相關的日常作業。」等情境。,WBS-044(SS+2)
WBS-046,M2,R2 DM 事件與分析 Pilot,Capability Build,DM,需求分析,需求風險分析 - 建置與驗證,6,154,2027-03-02,2027-03-09,130,136,132,138,2,N,Y,需求規劃人員,需求風險分析 可用於「當需要處理「需求風險分析」時，使用者可透過此功能建立與設定，以完成與「需求風險分析」相關的日常作業。」等情境。,WBS-045(SS+3)
WBS-047,M2,R2 DM 事件與分析 Pilot,Capability Build,DM,需求分析,影響分析 - 建置與驗證,8,204,2027-03-04,2027-03-15,132,140,134,142,2,N,Y,需求規劃人員,影響分析 可用於「當需要處理「影響分析」時，使用者可透過此功能建立模擬/評估條件，以完成與「影響分析」相關的日常作業。」等情境。,WBS-046(SS+2)
WBS-048,M2,R2 DM 事件與分析 Pilot,Capability Build,DM,需求分析,供應影響分析 - 建置與驗證,6,150,2027-03-09,2027-03-16,135,141,137,143,2,N,Y,需求規劃人員,供應影響分析 可用於「當需要處理「供應影響分析」時，使用者可透過此功能建立模擬/評估條件，以完成與「供應影響分析」相關的日常作業。」等情境。,WBS-047(SS+3)
WBS-049,M2,R2 DM 事件與分析 Pilot,Capability Build,DM,需求分析,報告中心 - 建置與驗證,6,154,2027-03-11,2027-03-18,137,143,139,145,2,N,Y,需求規劃人員,報告中心 可用於「當需要處理「報告中心」時，使用者可透過此功能建立與設定，以完成與「報告中心」相關的日常作業。」等情境。,WBS-048(SS+2)
WBS-050,M2,R2 DM 事件與分析 Pilot,User Release Gate,Cross,Release,R2 DM 事件與分析 Pilot - 使用者驗收、訓練與發布,5,336,2027-03-16,2027-03-22,140,145,140,145,0,Y,N,PM/PO / QA / DevOps/SRE / Scrum Master,收到客戶需求變動後，自動產生需求事件; 分析需求波動、預測誤差與需求風險,WBS-034(FS+35); WBS-035(FF); WBS-036(FF); WBS-037(FF); WBS-038(FF); WBS-039(FF); WBS-040(FF); WBS-041(FF); WBS-042(FF); WBS-043(FF); WBS-044(FF); WBS-045(FF); WBS-046(FF); WBS-047(FF); WBS-048(FF); WBS-049(FF)
WBS-051,M3,R3 DM 規劃與客戶回覆,Release/Foundation,Cross,共用/Release,DM 規劃與協同 - 共用建設與Release準備,11,700,2027-03-23,2027-04-06,145,156,229,240,84,N,N,PM/PO / DevOps/SRE / QA,對急單或變動需求進行 ATP 快速評估; 形成需求版本並完成需求協同與客戶回覆,WBS-050(FS)
WBS-052,M3,R3 DM 規劃與客戶回覆,Capability Build,DM,需求規劃工作台,規劃範圍與版本選擇 - 建置與驗證,7,188,2027-03-23,2027-03-31,145,152,206,213,61,N,N,需求規劃人員,規劃範圍與版本選擇 可用於「當需要處理「規劃範圍與版本選擇」時，使用者可透過此功能準備規劃輸入，以完成與「規劃範圍與版本選擇」相關的日常作業。」等情境。,WBS-050(FS+0)
WBS-053,M3,R3 DM 規劃與客戶回覆,Capability Build,DM,需求規劃工作台,需求計畫檢視 - 建置與驗證,9,240,2027-03-26,2027-04-07,148,157,209,218,61,N,N,需求規劃人員,需求計畫檢視 可用於「當需要處理「需求計畫檢視」時，使用者可透過此功能彙整討論內容，以完成與「需求計畫檢視」相關的日常作業。」等情境。,WBS-052(SS+3)
WBS-054,M3,R3 DM 規劃與客戶回覆,Capability Build,DM,需求規劃工作台,需求調整 - 建置與驗證,7,188,2027-03-31,2027-04-08,151,158,212,219,61,N,N,需求規劃人員,需求調整 可用於「當需要處理「需求調整」時，使用者可透過此功能準備規劃輸入，以完成與「需求調整」相關的日常作業。」等情境。,WBS-053(SS+3)
WBS-055,M3,R3 DM 規劃與客戶回覆,Capability Build,DM,需求規劃工作台,預測與需求假設 - 建置與驗證,9,240,2027-04-06,2027-04-16,155,164,216,225,61,N,N,需求規劃人員,預測與需求假設 可用於「當需要處理「預測與需求假設」時，使用者可透過此功能準備規劃輸入，以完成與「預測與需求假設」相關的日常作業。」等情境。,WBS-054(SS+4)
WBS-056,M3,R3 DM 規劃與客戶回覆,Capability Build,DM,需求規劃工作台,需求情境管理 - 建置與驗證,8,224,2027-04-09,2027-04-20,158,166,219,227,61,N,N,需求規劃人員,需求情境管理 可用於「當需要處理「需求情境管理」時，使用者可透過此功能建立模擬/評估條件，以完成與「需求情境管理」相關的日常作業。」等情境。,WBS-055(SS+3)
WBS-057,M3,R3 DM 規劃與客戶回覆,Capability Build,DM,需求規劃工作台,快速評估 - 建置與驗證,11,286,2027-04-15,2027-04-29,162,173,223,234,61,N,N,需求規劃人員,快速評估 可用於「當需要處理「快速評估」時，使用者可透過此功能建立模擬/評估條件，以完成與「快速評估」相關的日常作業。」等情境。,WBS-056(SS+4)
WBS-058,M3,R3 DM 規劃與客戶回覆,Capability Build,DM,需求規劃工作台,需求方案比較 - 建置與驗證,7,184,2027-04-20,2027-04-28,165,172,226,233,61,N,N,需求規劃人員,需求方案比較 可用於「當需要處理「需求方案比較」時，使用者可透過此功能建立模擬/評估條件，以完成與「需求方案比較」相關的日常作業。」等情境。,WBS-057(SS+3)
WBS-059,M3,R3 DM 規劃與客戶回覆,Capability Build,DM,需求規劃工作台,判斷與提交 - 建置與驗證,7,188,2027-04-26,2027-05-04,169,176,230,237,61,N,N,需求規劃人員,判斷與提交 可用於「當需要處理「判斷與提交」時，使用者可透過此功能準備規劃輸入，以完成與「判斷與提交」相關的日常作業。」等情境。,WBS-058(SS+4)
WBS-060,M3,R3 DM 規劃與客戶回覆,Capability Build,DM,需求規劃工作台,規劃草稿與歷程 - 建置與驗證,7,192,2027-04-29,2027-05-07,172,179,233,240,61,N,N,需求規劃人員,規劃草稿與歷程 可用於「當需要處理「規劃草稿與歷程」時，使用者可透過此功能記錄操作歷程，以完成與「規劃草稿與歷程」相關的日常作業。」等情境。,WBS-059(SS+3)
WBS-061,M3,R3 DM 規劃與客戶回覆,Capability Build,DM,需求協同與審查,我的任務 - 建置與驗證,7,192,2027-05-05,2027-05-13,176,183,206,213,30,N,N,需求主管,我的任務 可用於「當需要處理「我的任務」時，使用者可透過此功能接收新事件/任務，以完成與「我的任務」相關的日常作業。」等情境。,WBS-050(FS+31)
WBS-062,M3,R3 DM 規劃與客戶回覆,Capability Build,DM,需求協同與審查,需求計畫審查 - 建置與驗證,8,204,2027-05-10,2027-05-19,179,187,209,217,30,N,N,需求主管,需求計畫審查 可用於「當需要處理「需求計畫審查」時，使用者可透過此功能彙整討論內容，以完成與「需求計畫審查」相關的日常作業。」等情境。,WBS-061(SS+3)
WBS-063,M3,R3 DM 規劃與客戶回覆,Capability Build,DM,需求協同與審查,例外協同 - 建置與驗證,9,248,2027-05-14,2027-05-26,183,192,213,222,30,N,N,需求主管,例外協同 可用於「當需要處理「例外協同」時，使用者可透過此功能彙整討論內容，以完成與「例外協同」相關的日常作業。」等情境。,WBS-062(SS+4)
WBS-064,M3,R3 DM 規劃與客戶回覆,Capability Build,DM,需求協同與審查,模擬申請 - 建置與驗證,7,190,2027-05-19,2027-05-27,186,193,216,223,30,N,N,需求主管,模擬申請 可用於「當需要處理「模擬申請」時，使用者可透過此功能建立模擬/評估條件，以完成與「模擬申請」相關的日常作業。」等情境。,WBS-063(SS+3)
WBS-065,M3,R3 DM 規劃與客戶回覆,Capability Build,DM,需求協同與審查,模擬追蹤 - 建置與驗證,7,190,2027-05-25,2027-06-02,190,197,220,227,30,N,N,需求主管,模擬追蹤 可用於「當需要處理「模擬追蹤」時，使用者可透過此功能建立模擬/評估條件，以完成與「模擬追蹤」相關的日常作業。」等情境。,WBS-064(SS+4)
WBS-066,M3,R3 DM 規劃與客戶回覆,Capability Build,DM,需求協同與審查,結果比較 - 建置與驗證,7,188,2027-05-28,2027-06-07,193,200,223,230,30,N,N,需求主管,結果比較 可用於「當需要處理「結果比較」時，使用者可透過此功能建立與設定，以完成與「結果比較」相關的日常作業。」等情境。,WBS-065(SS+3)
WBS-067,M3,R3 DM 規劃與客戶回覆,Capability Build,DM,需求協同與審查,共識與決策 - 建置與驗證,8,204,2027-06-02,2027-06-11,196,204,226,234,30,N,N,需求主管,共識與決策 可用於「當需要處理「共識與決策」時，使用者可透過此功能彙整討論內容，以完成與「共識與決策」相關的日常作業。」等情境。,WBS-066(SS+3)
WBS-068,M3,R3 DM 規劃與客戶回覆,Capability Build,DM,需求協同與審查,客戶回覆審查 - 建置與驗證,7,170,2027-06-08,2027-06-16,200,207,230,237,30,N,N,需求主管,客戶回覆審查 可用於「當需要處理「客戶回覆審查」時，使用者可透過此功能彙整討論內容，以完成與「客戶回覆審查」相關的日常作業。」等情境。,WBS-067(SS+4)
WBS-069,M3,R3 DM 規劃與客戶回覆,Capability Build,DM,需求協同與審查,協同歷程與稽核 - 建置與驗證,7,170,2027-06-11,2027-06-21,203,210,233,240,30,N,N,需求主管,協同歷程與稽核 可用於「當需要處理「協同歷程與稽核」時，使用者可透過此功能記錄操作歷程，以完成與「協同歷程與稽核」相關的日常作業。」等情境。,WBS-068(SS+3)
WBS-070,M3,R3 DM 規劃與客戶回覆,Capability Build,DM,自動化工作室,事件設計器 - 建置與驗證,8,208,2027-06-17,2027-06-28,207,215,208,216,1,N,Y,流程與自動化管理者,事件設計器 可用於「當需要處理「事件設計器」時，使用者可透過此功能建立設計範本，以完成與「事件設計器」相關的日常作業。」等情境。,WBS-050(FS+62)
WBS-071,M3,R3 DM 規劃與客戶回覆,Capability Build,DM,自動化工作室,業務規則設計器 - 建置與驗證,8,208,2027-06-22,2027-07-01,210,218,211,219,1,N,Y,流程與自動化管理者,業務規則設計器 可用於「當需要處理「業務規則設計器」時，使用者可透過此功能建立設計範本，以完成與「業務規則設計器」相關的日常作業。」等情境。,WBS-070(SS+3)
WBS-072,M3,R3 DM 規劃與客戶回覆,Capability Build,DM,自動化工作室,工作流程設計器 - 建置與驗證,8,208,2027-06-28,2027-07-07,214,222,215,223,1,N,Y,流程與自動化管理者,工作流程設計器 可用於「當需要處理「工作流程設計器」時，使用者可透過此功能建立設計範本，以完成與「工作流程設計器」相關的日常作業。」等情境。,WBS-071(SS+4)
WBS-073,M3,R3 DM 規劃與客戶回覆,Capability Build,DM,自動化工作室,排程與通知管理 - 建置與驗證,8,212,2027-07-01,2027-07-12,217,225,218,226,1,N,Y,流程與自動化管理者,排程與通知管理 可用於「當需要處理「排程與通知管理」時，使用者可透過此功能建立與設定，以完成與「排程與通知管理」相關的日常作業。」等情境。,WBS-072(SS+3)
WBS-074,M3,R3 DM 規劃與客戶回覆,Capability Build,DM,自動化工作室,設定 - 建置與驗證,8,208,2027-07-07,2027-07-16,221,229,222,230,1,N,Y,流程與自動化管理者,設定 可用於「當需要處理「設定」時，使用者可透過此功能建立設計範本，以完成與「設定」相關的日常作業。」等情境。,WBS-073(SS+4)
WBS-075,M3,R3 DM 規劃與客戶回覆,Capability Build,DM,自動化工作室,管理 - 建置與驗證,8,208,2027-07-12,2027-07-21,224,232,225,233,1,N,Y,流程與自動化管理者,管理 可用於「當需要處理「管理」時，使用者可透過此功能建立設計範本，以完成與「管理」相關的日常作業。」等情境。,WBS-074(SS+3)
WBS-076,M3,R3 DM 規劃與客戶回覆,Capability Build,DM,自動化工作室,控制 - 建置與驗證,8,208,2027-07-16,2027-07-27,228,236,229,237,1,N,Y,流程與自動化管理者,控制 可用於「當需要處理「控制」時，使用者可透過此功能建立設計範本，以完成與「控制」相關的日常作業。」等情境。,WBS-075(SS+4)
WBS-077,M3,R3 DM 規劃與客戶回覆,Capability Build,DM,自動化工作室,自動化執行監控 - 建置與驗證,8,216,2027-07-21,2027-07-30,231,239,232,240,1,N,Y,流程與自動化管理者,自動化執行監控 可用於「當需要處理「自動化執行監控」時，使用者可透過此功能監控執行狀態，以完成與「自動化執行監控」相關的日常作業。」等情境。,WBS-076(SS+3)
WBS-078,M3,R3 DM 規劃與客戶回覆,User Release Gate,Cross,Release,R3 DM 規劃與客戶回覆 - 使用者驗收、訓練與發布,5,336,2027-07-27,2027-08-02,235,240,235,240,0,Y,N,PM/PO / QA / DevOps/SRE / Scrum Master,對急單或變動需求進行 ATP 快速評估; 形成需求版本並完成需求協同與客戶回覆,WBS-050(FS+90); WBS-051(FF); WBS-052(FF); WBS-053(FF); WBS-054(FF); WBS-055(FF); WBS-056(FF); WBS-057(FF); WBS-058(FF); WBS-059(FF); WBS-060(FF); WBS-061(FF); WBS-062(FF); WBS-063(FF); WBS-064(FF); WBS-065(FF); WBS-066(FF); WBS-067(FF); WBS-068(FF); WBS-069(FF); WBS-070(FF); WBS-071(FF); WBS-072(FF); WBS-073(FF); WBS-074(FF); WBS-075(FF); WBS-076(FF); WBS-077(FF)
WBS-079,M4,R4 SCP 供應可視化 Pilot,Release/Foundation,Cross,共用/Release,SCP 供應事件與分析 - 共用建設與Release準備,7,420,2027-08-03,2027-08-11,240,247,273,280,33,N,N,PM/PO / DevOps/SRE / QA,偵測缺料、產能瓶頸與庫存風險事件; 以供應分析儀表板查看跨廠供應狀態,WBS-078(FS)
WBS-080,M4,R4 SCP 供應可視化 Pilot,Capability Build,SCP,供應事件中心,供應事件收件匣 - 建置與驗證,5,138,2027-08-03,2027-08-09,240,245,259,264,19,N,N,供應規劃人員,供應事件收件匣 可用於「當需要處理「供應事件收件匣」時，使用者可透過此功能接收新事件/任務，以完成與「供應事件收件匣」相關的日常作業。」等情境。,WBS-078(FS+0)
WBS-081,M4,R4 SCP 供應可視化 Pilot,Capability Build,SCP,供應事件中心,供應事件明細 - 建置與驗證,5,130,2027-08-05,2027-08-11,242,247,261,266,19,N,N,供應規劃人員,供應事件明細 可用於「當需要處理「供應事件明細」時，使用者可透過此功能查看事件全貌，以完成與「供應事件明細」相關的日常作業。」等情境。,WBS-080(SS+2)
WBS-082,M4,R4 SCP 供應可視化 Pilot,Capability Build,SCP,供應事件中心,供應影響與展開預覽 - 建置與驗證,6,150,2027-08-10,2027-08-17,245,251,264,270,19,N,N,供應規劃人員,供應影響與展開預覽 可用於「當需要處理「供應影響與展開預覽」時，使用者可透過此功能建立模擬/評估條件，以完成與「供應影響與展開預覽」相關的日常作業。」等情境。,WBS-081(SS+3)
WBS-083,M4,R4 SCP 供應可視化 Pilot,Capability Build,SCP,供應事件中心,檢視 - 建置與驗證,6,150,2027-08-12,2027-08-19,247,253,266,272,19,N,N,供應規劃人員,檢視 可用於「當需要處理「檢視」時，使用者可透過此功能彙整討論內容，以完成與「檢視」相關的日常作業。」等情境。,WBS-082(SS+2)
WBS-084,M4,R4 SCP 供應可視化 Pilot,Capability Build,SCP,供應事件中心,事件例外處理 - 建置與驗證,5,134,2027-08-17,2027-08-23,250,255,269,274,19,N,N,供應規劃人員,事件例外處理 可用於「當需要處理「事件例外處理」時，使用者可透過此功能建立與設定，以完成與「事件例外處理」相關的日常作業。」等情境。,WBS-083(SS+3)
WBS-085,M4,R4 SCP 供應可視化 Pilot,Capability Build,SCP,供應事件中心,規劃批次生成 - 建置與驗證,5,140,2027-08-19,2027-08-25,252,257,271,276,19,N,N,供應規劃人員,規劃批次生成 可用於「當需要處理「規劃批次生成」時，使用者可透過此功能準備規劃輸入，以完成與「規劃批次生成」相關的日常作業。」等情境。,WBS-084(SS+2)
WBS-086,M4,R4 SCP 供應可視化 Pilot,Capability Build,SCP,供應事件中心,事件處理歷程 - 建置與驗證,6,142,2027-08-24,2027-08-31,255,261,274,280,19,N,N,供應規劃人員,事件處理歷程 可用於「當需要處理「事件處理歷程」時，使用者可透過此功能記錄操作歷程，以完成與「事件處理歷程」相關的日常作業。」等情境。,WBS-085(SS+3)
WBS-087,M4,R4 SCP 供應可視化 Pilot,Capability Build,SCP,供應分析,供應變化總覽 - 建置與驗證,6,154,2027-08-26,2027-09-02,257,263,259,265,2,N,Y,供應規劃人員,供應變化總覽 可用於「當需要處理「供應變化總覽」時，使用者可透過此功能建立與設定，以完成與「供應變化總覽」相關的日常作業。」等情境。,WBS-078(FS+17)
WBS-088,M4,R4 SCP 供應可視化 Pilot,Capability Build,SCP,供應分析,產能瓶頸分析 - 建置與驗證,7,184,2027-08-31,2027-09-08,260,267,262,269,2,N,Y,供應規劃人員,產能瓶頸分析 可用於「當需要處理「產能瓶頸分析」時，使用者可透過此功能建立與設定，以完成與「產能瓶頸分析」相關的日常作業。」等情境。,WBS-087(SS+3)
WBS-089,M4,R4 SCP 供應可視化 Pilot,Capability Build,SCP,供應分析,缺料風險分析 - 建置與驗證,7,184,2027-09-02,2027-09-10,262,269,264,271,2,N,Y,供應規劃人員,缺料風險分析 可用於「當需要處理「缺料風險分析」時，使用者可透過此功能建立與設定，以完成與「缺料風險分析」相關的日常作業。」等情境。,WBS-088(SS+2)
WBS-090,M4,R4 SCP 供應可視化 Pilot,Capability Build,SCP,供應分析,庫存風險分析 - 建置與驗證,7,184,2027-09-07,2027-09-15,265,272,267,274,2,N,Y,供應規劃人員,庫存風險分析 可用於「當需要處理「庫存風險分析」時，使用者可透過此功能建立與設定，以完成與「庫存風險分析」相關的日常作業。」等情境。,WBS-089(SS+3)
WBS-091,M4,R4 SCP 供應可視化 Pilot,Capability Build,SCP,供應分析,供應計畫差異與穩定度分析 - 建置與驗證,6,166,2027-09-09,2027-09-16,267,273,269,275,2,N,Y,供應規劃人員,供應計畫差異與穩定度分析 可用於「當需要處理「供應計畫差異與穩定度分析」時，使用者可透過此功能建立與設定，以完成與「供應計畫差異與穩定度分析」相關的日常作業。」等情境。,WBS-090(SS+2)
WBS-092,M4,R4 SCP 供應可視化 Pilot,Capability Build,SCP,供應分析,供應網路與執行風險分析 - 建置與驗證,7,184,2027-09-14,2027-09-22,270,277,272,279,2,N,Y,供應規劃人員,供應網路與執行風險分析 可用於「當需要處理「供應網路與執行風險分析」時，使用者可透過此功能建立與設定，以完成與「供應網路與執行風險分析」相關的日常作業。」等情境。,WBS-091(SS+3)
WBS-093,M4,R4 SCP 供應可視化 Pilot,Capability Build,SCP,供應分析,分析報告中心 - 建置與驗證,6,154,2027-09-16,2027-09-23,272,278,274,280,2,N,Y,供應規劃人員,分析報告中心 可用於「當需要處理「分析報告中心」時，使用者可透過此功能建立與設定，以完成與「分析報告中心」相關的日常作業。」等情境。,WBS-092(SS+2)
WBS-094,M4,R4 SCP 供應可視化 Pilot,User Release Gate,Cross,Release,R4 SCP 供應可視化 Pilot - 使用者驗收、訓練與發布,5,336,2027-09-21,2027-09-27,275,280,275,280,0,Y,N,PM/PO / QA / DevOps/SRE / Scrum Master,偵測缺料、產能瓶頸與庫存風險事件; 以供應分析儀表板查看跨廠供應狀態,WBS-078(FS+35); WBS-079(FF); WBS-080(FF); WBS-081(FF); WBS-082(FF); WBS-083(FF); WBS-084(FF); WBS-085(FF); WBS-086(FF); WBS-087(FF); WBS-088(FF); WBS-089(FF); WBS-090(FF); WBS-091(FF); WBS-092(FF); WBS-093(FF)
WBS-095,M5,R5 SCP 規劃核心 Beta,Release/Foundation,Cross,共用/Release,SCP 規劃核心 - 共用建設與Release準備,13,840,2027-09-28,2027-10-14,280,293,327,340,47,N,N,PM/PO / DevOps/SRE / QA,執行供需模擬與多情境方案比較; 完成 PPO/MPS/MRP/MAO 與跨廠供應配置,WBS-094(FS)
WBS-096,M5,R5 SCP 規劃核心 Beta,Capability Build,SCP,供應規劃工作台,規劃範圍與版本選擇 - 建置與驗證,18,480,2027-09-28,2027-10-21,280,298,281,299,1,N,Y,供應規劃人員,規劃範圍與版本選擇 可用於「當需要處理「規劃範圍與版本選擇」時，使用者可透過此功能準備規劃輸入，以完成與「規劃範圍與版本選擇」相關的日常作業。」等情境。,WBS-094(FS+0)
WBS-097,M5,R5 SCP 規劃核心 Beta,Capability Build,SCP,供應規劃工作台,判斷與提交 - 建置與驗證,18,480,2027-10-05,2027-10-28,285,303,286,304,1,N,Y,供應規劃人員,判斷與提交 可用於「當需要處理「規劃範圍與版本選擇」時，使用者可透過此功能準備規劃輸入，以完成與「規劃範圍與版本選擇」相關的日常作業。」等情境。,WBS-096(SS+5)
WBS-098,M5,R5 SCP 規劃核心 Beta,Capability Build,SCP,供應規劃工作台,供應計畫檢視 - 建置與驗證,11,300,2027-10-12,2027-10-26,290,301,291,302,1,N,Y,供應規劃人員,供應計畫檢視 可用於「當需要處理「供應計畫檢視」時，使用者可透過此功能彙整討論內容，以完成與「供應計畫檢視」相關的日常作業。」等情境。,WBS-097(SS+5)
WBS-099,M5,R5 SCP 規劃核心 Beta,Capability Build,SCP,供應規劃工作台,產能與MPS規劃 - 建置與驗證,14,386,2027-10-19,2027-11-05,295,309,296,310,1,N,Y,供應規劃人員,產能與MPS規劃 可用於「當需要處理「產能與MPS規劃」時，使用者可透過此功能準備規劃輸入，以完成與「產能與MPS規劃」相關的日常作業。」等情境。,WBS-098(SS+5)
WBS-100,M5,R5 SCP 規劃核心 Beta,Capability Build,SCP,供應規劃工作台,物料與補貨規劃 - 建置與驗證,12,324,2027-10-26,2027-11-10,300,312,301,313,1,N,Y,供應規劃人員,物料與補貨規劃 可用於「當需要處理「物料與補貨規劃」時，使用者可透過此功能準備規劃輸入，以完成與「物料與補貨規劃」相關的日常作業。」等情境。,WBS-099(SS+5)
WBS-101,M5,R5 SCP 規劃核心 Beta,Capability Build,SCP,供應規劃工作台,庫存規劃 - 建置與驗證,12,324,2027-11-02,2027-11-17,305,317,306,318,1,N,Y,供應規劃人員,庫存規劃 可用於「當需要處理「庫存規劃」時，使用者可透過此功能準備規劃輸入，以完成與「庫存規劃」相關的日常作業。」等情境。,WBS-100(SS+5)
WBS-102,M5,R5 SCP 規劃核心 Beta,Capability Build,SCP,供應規劃工作台,替代供應與缺料處置 - 建置與驗證,9,240,2027-11-09,2027-11-19,310,319,311,320,1,N,Y,供應規劃人員,替代供應與缺料處置 可用於「當需要處理「替代供應與缺料處置」時，使用者可透過此功能準備規劃輸入，以完成與「替代供應與缺料處置」相關的日常作業。」等情境。,WBS-101(SS+5)
WBS-103,M5,R5 SCP 規劃核心 Beta,Capability Build,SCP,供應規劃工作台,供應情境管理 - 建置與驗證,11,286,2027-11-16,2027-11-30,315,326,316,327,1,N,Y,供應規劃人員,供應情境管理 可用於「當需要處理「供應情境管理」時，使用者可透過此功能建立模擬/評估條件，以完成與「供應情境管理」相關的日常作業。」等情境。,WBS-102(SS+5)
WBS-104,M5,R5 SCP 規劃核心 Beta,Capability Build,SCP,供應規劃工作台,最佳化與求解策略 - 建置與驗證,13,348,2027-11-23,2027-12-09,320,333,321,334,1,N,Y,供應規劃人員,最佳化與求解策略 可用於「當需要處理「最佳化與求解策略」時，使用者可透過此功能準備規劃輸入，以完成與「最佳化與求解策略」相關的日常作業。」等情境。,WBS-103(SS+5)
WBS-105,M5,R5 SCP 規劃核心 Beta,Capability Build,SCP,供應規劃工作台,供應方案比較 - 建置與驗證,9,236,2027-11-30,2027-12-10,325,334,326,335,1,N,Y,供應規劃人員,供應方案比較 可用於「當需要處理「供應方案比較」時，使用者可透過此功能建立模擬/評估條件，以完成與「供應方案比較」相關的日常作業。」等情境。,WBS-104(SS+5)
WBS-106,M5,R5 SCP 規劃核心 Beta,Capability Build,SCP,供應規劃工作台,規劃草稿與歷程 - 建置與驗證,9,242,2027-12-07,2027-12-17,330,339,331,340,1,N,Y,供應規劃人員,規劃草稿與歷程 可用於「當需要處理「規劃草稿與歷程」時，使用者可透過此功能記錄操作歷程，以完成與「規劃草稿與歷程」相關的日常作業。」等情境。,WBS-105(SS+5)
WBS-107,M5,R5 SCP 規劃核心 Beta,User Release Gate,Cross,Release,R5 SCP 規劃核心 Beta - 使用者驗收、訓練與發布,5,336,2027-12-14,2027-12-20,335,340,335,340,0,Y,N,PM/PO / QA / DevOps/SRE / Scrum Master,執行供需模擬與多情境方案比較; 完成 PPO/MPS/MRP/MAO 與跨廠供應配置,WBS-094(FS+55); WBS-095(FF); WBS-096(FF); WBS-097(FF); WBS-098(FF); WBS-099(FF); WBS-100(FF); WBS-101(FF); WBS-102(FF); WBS-103(FF); WBS-104(FF); WBS-105(FF); WBS-106(FF)
WBS-108,M6,R6 端到端閉環 Release Candidate,Release/Foundation,Cross,共用/Release,SCP 協同、發布與自動化 - 共用建設與Release準備,11,700,2027-12-21,2028-01-04,340,351,399,410,59,N,N,PM/PO / DevOps/SRE / QA,跨部門協同決議供應方案; 正式發布供應計畫並以工作流/通知自動驅動閉環,WBS-107(FS)
WBS-109,M6,R6 端到端閉環 Release Candidate,Capability Build,SCP,供應協同與審查,我的任務 - 建置與驗證,7,192,2027-12-21,2027-12-29,340,347,372,379,32,N,N,供應鏈主管,我的任務 可用於「當需要處理「我的任務」時，使用者可透過此功能接收新事件/任務，以完成與「我的任務」相關的日常作業。」等情境。,WBS-107(FS+0)
WBS-110,M6,R6 端到端閉環 Release Candidate,Capability Build,SCP,供應協同與審查,供應計畫審查 - 建置與驗證,8,204,2027-12-24,2028-01-04,343,351,375,383,32,N,N,供應鏈主管,供應計畫審查 可用於「當需要處理「供應計畫審查」時，使用者可透過此功能彙整討論內容，以完成與「供應計畫審查」相關的日常作業。」等情境。,WBS-109(SS+3)
WBS-111,M6,R6 端到端閉環 Release Candidate,Capability Build,SCP,供應協同與審查,產能瓶頸協同 - 建置與驗證,8,224,2027-12-30,2028-01-10,347,355,379,387,32,N,N,供應鏈主管,產能瓶頸協同 可用於「當需要處理「產能瓶頸協同」時，使用者可透過此功能彙整討論內容，以完成與「產能瓶頸協同」相關的日常作業。」等情境。,WBS-110(SS+4)
WBS-112,M6,R6 端到端閉環 Release Candidate,Capability Build,SCP,供應協同與審查,缺料協同 - 建置與驗證,8,224,2028-01-05,2028-01-14,351,359,383,391,32,N,N,供應鏈主管,缺料協同 可用於「當需要處理「缺料協同」時，使用者可透過此功能彙整討論內容，以完成與「缺料協同」相關的日常作業。」等情境。,WBS-111(SS+4)
WBS-113,M6,R6 端到端閉環 Release Candidate,Capability Build,SCP,供應協同與審查,情境模擬審查 - 建置與驗證,8,210,2028-01-11,2028-01-20,355,363,387,395,32,N,N,供應鏈主管,情境模擬審查 可用於「當需要處理「情境模擬審查」時，使用者可透過此功能建立模擬/評估條件，以完成與「情境模擬審查」相關的日常作業。」等情境。,WBS-112(SS+4)
WBS-114,M6,R6 端到端閉環 Release Candidate,Capability Build,SCP,供應協同與審查,供需共識 - 建置與驗證,10,264,2028-01-17,2028-01-28,359,369,391,401,32,N,N,供應鏈主管,供需共識 可用於「當需要處理「供需共識」時，使用者可透過此功能彙整討論內容，以完成與「供需共識」相關的日常作業。」等情境。,WBS-113(SS+4)
WBS-115,M6,R6 端到端閉環 Release Candidate,Capability Build,SCP,供應協同與審查,共識與決策 - 建置與驗證,8,204,2028-01-20,2028-01-31,362,370,394,402,32,N,N,供應鏈主管,共識與決策 可用於「當需要處理「共識與決策」時，使用者可透過此功能彙整討論內容，以完成與「共識與決策」相關的日常作業。」等情境。,WBS-114(SS+3)
WBS-116,M6,R6 端到端閉環 Release Candidate,Capability Build,SCP,供應協同與審查,供應計畫發布審查 - 建置與驗證,9,234,2028-01-26,2028-02-07,366,375,398,407,32,N,N,供應鏈主管,供應計畫發布審查 可用於「當需要處理「供應計畫發布審查」時，使用者可透過此功能建立發布清單，以完成與「供應計畫發布審查」相關的日常作業。」等情境。,WBS-115(SS+4)
WBS-117,M6,R6 端到端閉環 Release Candidate,Capability Build,SCP,供應協同與審查,協同歷程與稽核 - 建置與驗證,8,204,2028-02-01,2028-02-10,370,378,402,410,32,N,N,供應鏈主管,協同歷程與稽核 可用於「當需要處理「協同歷程與稽核」時，使用者可透過此功能記錄操作歷程，以完成與「協同歷程與稽核」相關的日常作業。」等情境。,WBS-116(SS+4)
WBS-118,M6,R6 端到端閉環 Release Candidate,Capability Build,SCP,自動化工作室,事件設計器 - 建置與驗證,8,208,2028-02-07,2028-02-16,374,382,375,383,1,N,Y,流程與自動化管理者,事件設計器 可用於「當需要處理「事件設計器」時，使用者可透過此功能建立設計範本，以完成與「事件設計器」相關的日常作業。」等情境。,WBS-107(FS+34)
WBS-119,M6,R6 端到端閉環 Release Candidate,Capability Build,SCP,自動化工作室,業務規則設計器 - 建置與驗證,8,208,2028-02-11,2028-02-22,378,386,379,387,1,N,Y,流程與自動化管理者,業務規則設計器 可用於「當需要處理「業務規則設計器」時，使用者可透過此功能建立設計範本，以完成與「業務規則設計器」相關的日常作業。」等情境。,WBS-118(SS+4)
WBS-120,M6,R6 端到端閉環 Release Candidate,Capability Build,SCP,自動化工作室,工作流程設計器 - 建置與驗證,8,208,2028-02-17,2028-02-28,382,390,383,391,1,N,Y,流程與自動化管理者,工作流程設計器 可用於「當需要處理「工作流程設計器」時，使用者可透過此功能建立設計範本，以完成與「工作流程設計器」相關的日常作業。」等情境。,WBS-119(SS+4)
WBS-121,M6,R6 端到端閉環 Release Candidate,Capability Build,SCP,自動化工作室,排程與通知管理 - 建置與驗證,8,212,2028-02-22,2028-03-02,385,393,386,394,1,N,Y,流程與自動化管理者,排程與通知管理 可用於「當需要處理「排程與通知管理」時，使用者可透過此功能建立與設定，以完成與「排程與通知管理」相關的日常作業。」等情境。,WBS-120(SS+3)
WBS-122,M6,R6 端到端閉環 Release Candidate,Capability Build,SCP,自動化工作室,設定 - 建置與驗證,9,252,2028-02-28,2028-03-09,389,398,390,399,1,N,Y,流程與自動化管理者,設定 可用於「當需要處理「設定」時，使用者可透過此功能建立設計範本，以完成與「設定」相關的日常作業。」等情境。,WBS-121(SS+4)
WBS-123,M6,R6 端到端閉環 Release Candidate,Capability Build,SCP,自動化工作室,管理 - 建置與驗證,9,252,2028-03-03,2028-03-15,393,402,394,403,1,N,Y,流程與自動化管理者,管理 可用於「當需要處理「管理」時，使用者可透過此功能建立設計範本，以完成與「管理」相關的日常作業。」等情境。,WBS-122(SS+4)
WBS-124,M6,R6 端到端閉環 Release Candidate,Capability Build,SCP,自動化工作室,控制 - 建置與驗證,9,252,2028-03-09,2028-03-21,397,406,398,407,1,N,Y,流程與自動化管理者,控制 可用於「當需要處理「控制」時，使用者可透過此功能建立設計範本，以完成與「控制」相關的日常作業。」等情境。,WBS-123(SS+4)
WBS-125,M6,R6 端到端閉環 Release Candidate,Capability Build,SCP,自動化工作室,自動化執行監控 - 建置與驗證,8,216,2028-03-15,2028-03-24,401,409,402,410,1,N,Y,流程與自動化管理者,自動化執行監控 可用於「當需要處理「自動化執行監控」時，使用者可透過此功能監控執行狀態，以完成與「自動化執行監控」相關的日常作業。」等情境。,WBS-124(SS+4)
WBS-126,M6,R6 端到端閉環 Release Candidate,User Release Gate,Cross,Release,R6 端到端閉環 Release Candidate - 使用者驗收、訓練與發布,5,336,2028-03-21,2028-03-27,405,410,405,410,0,Y,N,PM/PO / QA / DevOps/SRE / Scrum Master,跨部門協同決議供應方案; 正式發布供應計畫並以工作流/通知自動驅動閉環,WBS-107(FS+65); WBS-108(FF); WBS-109(FF); WBS-110(FF); WBS-111(FF); WBS-112(FF); WBS-113(FF); WBS-114(FF); WBS-115(FF); WBS-116(FF); WBS-117(FF); WBS-118(FF); WBS-119(FF); WBS-120(FF); WBS-121(FF); WBS-122(FF); WBS-123(FF); WBS-124(FF); WBS-125(FF)
WBS-127,M7,R7 Production Go-live,Release/Foundation,Cross,共用/Release,整合驗收與上線 - 共用建設與Release準備,20,1280,2028-03-28,2028-04-24,410,430,410,430,0,Y,N,PM/PO / DevOps/SRE / QA,完成端到端閉環：需求變更 → 供應模擬 → 供應發布; 完成 UAT、訓練、切換與穩定運轉,WBS-126(FS)
WBS-128,M7,R7 Production Go-live,User Release Gate,Cross,Release,R7 Production Go-live - 使用者驗收、訓練與發布,5,336,2028-04-18,2028-04-24,425,430,425,430,0,Y,N,PM/PO / QA / DevOps/SRE / Scrum Master,完成端到端閉環：需求變更 → 供應模擬 → 供應發布; 完成 UAT、訓練、切換與穩定運轉,WBS-126(FS+15); WBS-127(FF)
